title,city,price,link
Той-пудель,"Мурманская область, Мурманск",40 000  ₽,https://www.avito.ru//murmansk/sobaki/toy-pudel_1947665273
Той пудель,"Тверская область, Бологовский р-н, Бологое",1  ₽,https://www.avito.ru//bologoe/sobaki/toy_pudel_1124252428
Той-пудель,"Республика Башкортостан, Уфа",Цена не указана,https://www.avito.ru//ufa/sobaki/toy-pudel_1811550526
Той-пудель. малыш,"Волгоградская область, Волгоград",Цена не указана,https://www.avito.ru//volgograd/sobaki/toy-pudel._malysh_1922919299
Той-пудель,Санкт-Петербург,1  ₽,https://www.avito.ru//sankt-peterburg/sobaki/toy-pudel_1882141804
Той-пудель,"Омская область, Омск",1 000  ₽,https://www.avito.ru//omsk/sobaki/toy-pudel_1938033070
Той пудель,"Самарская область, Тольятти",Цена не указана,https://www.avito.ru//tolyatti/sobaki/toy_pudel_235531028
Щенки той пуделя,"Воронежская область, Воронеж",Цена не указана,https://www.avito.ru//voronezh/sobaki/schenki_toy_pudelya_1941939408
Той пудель-девочка и мальчик,"Самарская область, Самара",Цена не указана,https://www.avito.ru//samara/sobaki/toy_pudel-devochka_i_malchik_728312493
"Черная девочка, той пудель",Москва,Цена не указана,https://www.avito.ru//moskva/sobaki/chernaya_devochka_toy_pudel_1940102124
"Той-пудель мальчик 2,5 мес","Краснодарский край, Краснодар",20 000  ₽,https://www.avito.ru//krasnodar/sobaki/toy-pudel_malchik_25_mes_1920538909
Той-пудель,"Краснодарский край, Краснодар",Цена не указана,https://www.avito.ru//krasnodar/sobaki/toy-pudel_1932452042
Той-пудель,"Чувашская Республика, Чебоксары",Бесплатно,https://www.avito.ru//cheboksary/sobaki/toy-pudel_1919394564
Той-пудель,"Ставропольский край, Пятигорск",Цена не указана,https://www.avito.ru//pyatigorsk/sobaki/toy-pudel_1923348857
Той-пудель,"Московская область, Подольск",40  ₽,https://www.avito.ru//podolsk/sobaki/toy-pudel_1938405214
Той-пудель,Москва,45 000  ₽,https://www.avito.ru//moskva/sobaki/toy-pudel_1921944617
Той-пудель,Краснодарский край,1  ₽,https://www.avito.ru//vyselki/sobaki/toy-pudel_1940798905
Той-пудель,"Московская область, Реутов",45 000  ₽,https://www.avito.ru//reutov/sobaki/toy-pudel_1928939324
Той пудель черная девочка,Москва,Цена не указана,https://www.avito.ru//moskva/sobaki/toy_pudel_chernaya_devochka_1841190488
Той-пудель,Москва,60  ₽,https://www.avito.ru//moskva/sobaki/toy-pudel_1930024817
Той-пудель,"Ростовская область, Неклиновский р-н",10 000  ₽,https://www.avito.ru//taganrog/sobaki/toy-pudel_1930937388
Той-пудель,"Ярославская область, Ярославль",Цена не указана,https://www.avito.ru//yaroslavl/sobaki/toy-pudel_1862141840
Той-пудель,"Краснодарский край, Краснодар",Цена не указана,https://www.avito.ru//krasnodar/sobaki/toy-pudel_1932752291
Той-пудель,Москва,60 000  ₽,https://www.avito.ru//moskva/sobaki/toy-pudel_1931394022
Щенки той пуделя,"Краснодарский край, Краснодар",Цена не указана,https://www.avito.ru//krasnodar/sobaki/schenki_toy_pudelya_1796281456
Той-пудель,Москва,Цена не указана,https://www.avito.ru//moskva/sobaki/toy-pudel_1931945404
Той пудель,Москва,25 000  ₽,https://www.avito.ru//moskva/sobaki/toy_pudel_1941940035
Той-пудель,"Краснодарский край, Геленджик",Цена не указана,https://www.avito.ru//gelendzhik/sobaki/toy-pudel_1932792874
Детки Той Пуделя,"Ставропольский край, Ставрополь",Цена не указана,https://www.avito.ru//stavropol/sobaki/detki_toy_pudelya_1614431611
Щенок той-пуделя,Санкт-Петербург,80 000  ₽,https://www.avito.ru//sankt-peterburg/sobaki/schenok_toy-pudelya_1921756532
Той пудель,"Ярославская область, Ярославль",Цена не указана,https://www.avito.ru//yaroslavl/sobaki/toy_pudel_1907946318
Той пудель,"Ставропольский край, Ставрополь",Цена не указана,https://www.avito.ru//stavropol/sobaki/toy_pudel_1934624723
Той-пудель,Москва,Цена не указана,https://www.avito.ru//moskva/sobaki/toy-pudel_1931805476
Той-пудель,"Красноярский край, Красноярск",25 000  ₽,https://www.avito.ru//krasnoyarsk/sobaki/toy-pudel_1886302756
Той Пудель,"Нижегородская область, Кстовский р-н, с. Вязовка",30 000  ₽,https://www.avito.ru//nizhniy_novgorod/sobaki/toy_pudel_1932312249
"Той пудель, белые щенки",Москва,Цена не указана,https://www.avito.ru//moskva/sobaki/toy_pudel_belye_schenki_1667879423
Малыши той пуделя,"Ставропольский край, Пятигорск",Цена не указана,https://www.avito.ru//pyatigorsk/sobaki/malyshi_toy_pudelya_1934144051
Той-пудель,Санкт-Петербург,Цена не указана,https://www.avito.ru//sankt-peterburg/sobaki/toy-pudel_1411273153
Той-пудель тикап «Тедди мишка»,Москва,45 000  ₽,https://www.avito.ru//moskva/sobaki/toy-pudel_tikap_teddi_mishka_1939352960
Щенки той-пуделя,"Санкт-Петербург, Петродворцовый р-н, пос. Стрельна",30 000  ₽,https://www.avito.ru//sankt-peterburg_peterhof/sobaki/schenki_toy-pudelya_1932376467
Той пудель,"Краснодарский край, Краснодар",Цена не указана,https://www.avito.ru//krasnodar/sobaki/toy_pudel_1949460275
Той-пудель,Москва,65 000  ₽,https://www.avito.ru//moskva/sobaki/toy-pudel_1939589477
Той пудели РКФ,Москва,50 000  ₽,https://www.avito.ru//moskva/sobaki/toy_pudeli_rkf_1801938263
Той-пудель Красный и Белый,Москва,70 000  ₽,https://www.avito.ru//moskva/sobaki/toy-pudel_krasnyy_i_belyy_1830111021
Той-пудель арлекин,Москва,50  ₽,https://www.avito.ru//moskva/sobaki/toy-pudel_arlekin_1916735879
Той пудель приглашает девочек на свидание,"Республика Башкортостан, Нефтекамск",1 000  ₽,https://www.avito.ru//neftekamsk/sobaki/toy_pudel_priglashaet_devochek_na_svidanie_1816574913
Миниатюрные щенки. Той- пудель,"Оренбургская область, Оренбург",11 000  ₽,https://www.avito.ru//orenburg/sobaki/miniatyurnye_schenki._toy-_pudel_1940944381
Той-пудель,"Краснодарский край, Кавказский р-н, Кропоткинское городское поселение, Кропоткин",Цена не указана,https://www.avito.ru//kropotkin/sobaki/toy-pudel_1928701827
Той-пудель,"Ставропольский край, Кисловодск",Цена не указана,https://www.avito.ru//kislovodsk/sobaki/toy-pudel_1899098223
Продам карликового пуделя,"Кемеровская область, Беловский г.о., Белово",23 000  ₽,https://www.avito.ru//belovo/sobaki/prodam_karlikovogo_pudelya_1919826818
Пудель той,"Челябинская область, Челябинск",65 000  ₽,https://www.avito.ru//chelyabinsk/sobaki/pudel_toy_1924417124
Той пудель мальчик,"Республика Татарстан, Казань",Цена не указана,https://www.avito.ru//kazan/sobaki/toy_pudel_malchik_1896395464
Той-пудель,"Краснодарский край, Краснодар",Цена не указана,https://www.avito.ru//krasnodar/sobaki/toy-pudel_1934899896
Возьму девочку той пуделя до 15т,"Ростовская область, Неклиновский р-н, с. Приморка",15  ₽,https://www.avito.ru//primorka/sobaki/vozmu_devochku_toy_pudelya_do_15t_1938683457
Той-пудель,Москва,Цена не указана,https://www.avito.ru//moskva/sobaki/toy-pudel_1226945437
Той-пудель,"Оренбургская область, Оренбург",Бесплатно,https://www.avito.ru//orenburg/sobaki/toy-pudel_1891606442
Той-пудель,"Волгоградская область, Волгоград",Цена не указана,https://www.avito.ru//volgograd/sobaki/toy-pudel_1871560464
Той Пудель,"Ставропольский край, Минераловодский г.о., Минеральные Воды",Цена не указана,https://www.avito.ru//mineralnye_vody/sobaki/toy_pudel_1924508813
Той пудель. арлекин,Москва,40 000  ₽,https://www.avito.ru//moskva/sobaki/toy_pudel._arlekin_1920469566
Той пудель,"Краснодарский край, Краснодар",Цена не указана,https://www.avito.ru//krasnodar/sobaki/toy_pudel_1627411756
Той Пудель,"Ставропольский край, Пятигорск",Цена не указана,https://www.avito.ru//pyatigorsk/sobaki/toy_pudel_1924630577
Той пудель,"Красноярский край, Красноярск",15 000  ₽,https://www.avito.ru//krasnoyarsk/sobaki/toy_pudel_1943789948
Той-пудель девочка белая,"Краснодарский край, Краснодар",Цена не указана,https://www.avito.ru//krasnodar/sobaki/toy-pudel_devochka_belaya_1838372261
Той-пудель,"Краснодарский край, Кавказский р-н, Кропоткинское городское поселение, Кропоткин",5 000  ₽,https://www.avito.ru//kropotkin/sobaki/toy-pudel_1941660893
Той пудели красный и абрикос,"Республика Татарстан, Казань",Цена не указана,https://www.avito.ru//kazan/sobaki/toy_pudeli_krasnyy_i_abrikos_1855398651
Той-пудель,"Московская область, Люберцы",Цена не указана,https://www.avito.ru//lyubertsy/sobaki/toy-pudel_1904912379
"Той-пудель, и еркширский терьер - мальчик 10000","Республика Северная Осетия — Алания, Моздокский р-н, с. Раздольное",10 000  ₽,https://www.avito.ru//severnaya_osetiya_kizlyar/sobaki/toy-pudel_i_erkshirskiy_terer_-_malchik_10000_1908594931
Той Пудель девочка коричневая,Москва,Цена не указана,https://www.avito.ru//moskva/sobaki/toy_pudel_devochka_korichnevaya_1900451020
Очаровательные щенки той- пуделя,"Смоленская область, Смоленск",20 000  ₽,https://www.avito.ru//smolensk/sobaki/ocharovatelnye_schenki_toy-_pudelya_1924394483
Той-пудель,"Кабардино-Балкарская Республика, Нальчик",Цена не указана,https://www.avito.ru//nalchik/sobaki/toy-pudel_1929741231
Чёрненький той пудель,Севастополь,30 000  ₽,https://www.avito.ru//sevastopol/sobaki/chernenkiy_toy_pudel_1593438050
Той пудель - крошка с ладошку,"Тюменская область, Тюмень",40 000  ₽,https://www.avito.ru//tyumen/sobaki/toy_pudel_-_kroshka_s_ladoshku_1933992287
Щенки той пуделя,Москва,Цена не указана,https://www.avito.ru//moskva/sobaki/schenki_toy_pudelya_1942042322
Той пудель,"Свердловская область, Екатеринбург",Цена не указана,https://www.avito.ru//ekaterinburg/sobaki/toy_pudel_1929798607
Детки той Пуделя,"Краснодарский край, Краснодар",Цена не указана,https://www.avito.ru//krasnodar/sobaki/detki_toy_pudelya_1670841088
Той пудель,Санкт-Петербург,Цена не указана,https://www.avito.ru//sankt-peterburg/sobaki/toy_pudel_1930849531
"Пудель, Той-пудель, 24 см в холке, чемпион России","Алтайский край, Барнаул",Цена не указана,https://www.avito.ru//barnaul/sobaki/pudel_toy-pudel_24_sm_v_holke_chempion_rossii_1862589721
Той-пудель,"Пермский край, Пермь",5 000  ₽,https://www.avito.ru//perm/sobaki/toy-pudel_1933455664
Той пудель,"Ивановская область, Иваново",5 000  ₽,https://www.avito.ru//ivanovo/sobaki/toy_pudel_1944564013
Той-пудель,"Хабаровский край, Хабаровск",3 000  ₽,https://www.avito.ru//habarovsk/sobaki/toy-pudel_1943482998
Той-пудель,"Республика Бурятия, Улан-Удэ",1  ₽,https://www.avito.ru//ulan-ude/sobaki/toy-pudel_1911097611
Той-пудель,"Ставропольский край, Георгиевский г.о., Георгиевск",Цена не указана,https://www.avito.ru//georgievsk/sobaki/toy-pudel_1708068915
Щенки той-пуделя,"Московская область, Люберцы",Цена не указана,https://www.avito.ru//lyubertsy/sobaki/schenki_toy-pudelya_1904533065
Той-Пудель,Москва,22 000  ₽,https://www.avito.ru//moskva/sobaki/toy-pudel_1923440531
Абрикосовый той пудель кобель,"Республика Крым, Симферополь",Цена не указана,https://www.avito.ru//simferopol/sobaki/abrikosovyy_toy_pudel_kobel_1943310144
Той-пудель щенки,Москва,45 000  ₽,https://www.avito.ru//moskva/sobaki/toy-pudel_schenki_1932710711
Той-пудель,Москва,50 000  ₽,https://www.avito.ru//moskva/sobaki/toy-pudel_1901441860
"Той-пудель, тикап",Москва,Цена не указана,https://www.avito.ru//moskva/sobaki/toy-pudel_tikap_1111157885
Той пудель приглашает дам,"Нижегородская область, Нижний Новгород",100  ₽,https://www.avito.ru//nizhniy_novgorod/sobaki/toy_pudel_priglashaet_dam_1191704277
Той-пудель,"Пермский край, Пермь",Цена не указана,https://www.avito.ru//perm/sobaki/toy-pudel_1838768752
Той-пудель,Санкт-Петербург,Цена не указана,https://www.avito.ru//sankt-peterburg/sobaki/toy-pudel_1895490369
Той-пуделя,"Смоленская область, Смоленск",Цена не указана,https://www.avito.ru//smolensk/sobaki/toy-pudelya_1026647890
Щенки той-пуделя,Москва,Цена не указана,https://www.avito.ru//moskva/sobaki/schenki_toy-pudelya_684853184
Той-пудель,"Костромская область, Кострома",15 000  ₽,https://www.avito.ru//kostroma/sobaki/toy-pudel_1928124368
Той-пудель,"Красноярский край, Зеленогорск",Цена не указана,https://www.avito.ru//krasnoyarskiy_kray_zelenogorsk/sobaki/toy-pudel_1921917899
Той-пудель черного окраса,"Белгородская область, Белгород",Цена не указана,https://www.avito.ru//belgorod/sobaki/toy-pudel_chernogo_okrasa_1924476255
Тикап Той-пудель,"Нижегородская область, Нижний Новгород",65 000  ₽,https://www.avito.ru//nizhniy_novgorod/sobaki/tikap_toy-pudel_1921037134
"Тикап той-пудель белые, редбраун и абрикос",Москва,Цена не указана,https://www.avito.ru//moskva/sobaki/tikap_toy-pudel_belye_redbraun_i_abrikos_1197846141
Той-пудель,"Республика Хакасия, Абакан",1  ₽,https://www.avito.ru//abakan/sobaki/toy-pudel_1931592577
Щенки той пуделя,Москва,160 000  ₽,https://www.avito.ru//moskva/sobaki/schenki_toy_pudelya_1922083795
Той-пудель мальчики и девочки,"Воронежская область, Воронеж",Цена не указана,https://www.avito.ru//voronezh/sobaki/toy-pudel_malchiki_i_devochki_1116903337
Той Пудель,"Новосибирская область, Новосибирск",Цена не указана,https://www.avito.ru//novosibirsk/sobaki/toy_pudel_1374339579
Той пудель щенки,Санкт-Петербург,Цена не указана,https://www.avito.ru//sankt-peterburg/sobaki/toy_pudel_schenki_1907372330
Той пудель (ищем невесту),"Иркутская область, Братск",1  ₽,https://www.avito.ru//bratsk/sobaki/toy_pudel_ischem_nevestu_1772708210
Той пудель,"Рязанская область, Рязань",30 000  ₽,https://www.avito.ru//ryazan/sobaki/toy_pudel_1939729011
Той-пудель,"Ульяновская область, Ульяновск",Бесплатно,https://www.avito.ru//ulyanovsk/sobaki/toy-pudel_1871262417
Щенок той-пуделя,Севастополь,Цена не указана,https://www.avito.ru//sevastopol/sobaki/schenok_toy-pudelya_1866639442
Той-пудель девочка,"Астраханская область, Астрахань",Бесплатно,https://www.avito.ru//astrahan/sobaki/toy-pudel_devochka_1929084070
Той-пудель,"Калининградская область, Гурьевский г.о., пос. Большое Исаково",100  ₽,https://www.avito.ru//kaliningrad/sobaki/toy-pudel_1881547025
Той пудель,"Кемеровская область, Прокопьевский г.о., Прокопьевск",1  ₽,https://www.avito.ru//prokopevsk/sobaki/toy_pudel_1922635932
Той-пудель,"Ставропольский край, Ессентуки",Цена не указана,https://www.avito.ru//essentuki/sobaki/toy-pudel_1432329652
Той пудель приглашает дам,"Нижегородская область, Нижний Новгород",1  ₽,https://www.avito.ru//nizhniy_novgorod/sobaki/toy_pudel_priglashaet_dam_1654960537
Той-Пудель,"Московская область, Мытищи",70 000  ₽,https://www.avito.ru//mytischi/sobaki/toy-pudel_1929814533
Той-пудель,"Ставропольский край, Георгиевский г.о., Георгиевск",Цена не указана,https://www.avito.ru//georgievsk/sobaki/toy-pudel_1897828204
Белый той-пудель 4 года,Москва,10  ₽,https://www.avito.ru//moskva/sobaki/belyy_toy-pudel_4_goda_1607395550
Той-пудель,"Тульская область, Тула",40 000  ₽,https://www.avito.ru//tula/sobaki/toy-pudel_1921672743
Белоснежный той пудель,Москва,Цена не указана,https://www.avito.ru//moskva/sobaki/belosnezhnyy_toy_pudel_198147408
Той Пудель,Москва,30  ₽,https://www.avito.ru//moskva/sobaki/toy_pudel_1922240887
Той-пудель светло-абрикосового окраса,"Белгородская область, Белгород",Цена не указана,https://www.avito.ru//belgorod/sobaki/toy-pudel_svetlo-abrikosovogo_okrasa_1924163534
Той пудель серо-голубого окраса,"Саратовская область, Саратов",19 000  ₽,https://www.avito.ru//saratov/sobaki/toy_pudel_sero-golubogo_okrasa_1935580539
Той-пудель,"Вологодская область, Вологда",1  ₽,https://www.avito.ru//vologda/sobaki/toy-pudel_1941621332
Белый той пудель,Москва,Цена не указана,https://www.avito.ru//moskva/sobaki/belyy_toy_pudel_293173077
Той-пудель арлекин,"Челябинская область, Челябинск",5 000  ₽,https://www.avito.ru//chelyabinsk/sobaki/toy-pudel_arlekin_1862973217
Той-пудель ищет невесту,"Нижегородская область, Нижний Новгород",Цена не указана,https://www.avito.ru//nizhniy_novgorod/sobaki/toy-pudel_ischet_nevestu_1887068061
Пудель Той Щенки,"Воронежская область, Воронеж",Цена не указана,https://www.avito.ru//voronezh/sobaki/pudel_toy_schenki_1796270940
Мини пуделечки (той пудель),"Новосибирская область, Новосибирск",Цена не указана,https://www.avito.ru//novosibirsk/sobaki/mini_pudelechki_toy_pudel_589953161
Ищу той-пуделя или пуделя тикап,"Новосибирская область, Новосибирск",Цена не указана,https://www.avito.ru//novosibirsk/sobaki/ischu_toy-pudelya_ili_pudelya_tikap_1899800284
Той пудель,"Московская область, Одинцовский г.о., Звенигород",1 000  ₽,https://www.avito.ru//zvenigorod/sobaki/toy_pudel_1864217865
Арлекин той-пудель,"Белгородская область, Белгород",Цена не указана,https://www.avito.ru//belgorod/sobaki/arlekin_toy-pudel_1923963205
Щенки той пуделя черно подпалого окраса,Москва,45 000  ₽,https://www.avito.ru//moskva/sobaki/schenki_toy_pudelya_cherno_podpalogo_okrasa_521203744
"Той-пудель, девочки",Москва,Цена не указана,https://www.avito.ru//moskva/sobaki/toy-pudel_devochki_1936601695
"Мини девочка той-пудель,РКФ, 4 месяца",Санкт-Петербург,120 000  ₽,https://www.avito.ru//sankt-peterburg/sobaki/mini_devochka_toy-pudelrkf_4_mesyatsa_1935913455
Арлекин той-пудель,"Белгородская область, Белгород",Цена не указана,https://www.avito.ru//belgorod/sobaki/arlekin_toy-pudel_1924720310
Пудель той,"Республика Адыгея, Тахтамукайский р-н, пос. городского типа Яблоновский",1  ₽,https://www.avito.ru//yablonovskiy/sobaki/pudel_toy_1927996104
Той-пудель ищет невесту,"Московская область, Коломенский г.о., Коломна",5  ₽,https://www.avito.ru//kolomna/sobaki/toy-pudel_ischet_nevestu_1785246636
Щенки той пуделя,"Свердловская область, Каменск-Уральский",45 000  ₽,https://www.avito.ru//kamensk-uralskiy/sobaki/schenki_toy_pudelya_1913687561
Щенок серебристого той-пуделя,"Кемеровская область, Прокопьевский г.о., Прокопьевск",25 000  ₽,https://www.avito.ru//prokopevsk/sobaki/schenok_serebristogo_toy-pudelya_1918106630
Той-пудель девочка,"Московская область, г.о. Истра, д. Покровское",65 000  ₽,https://www.avito.ru//pavlovskaya_sloboda/sobaki/toy-pudel_devochka_1943242164
Пудель той,"Краснодарский край, Краснодар",Цена не указана,https://www.avito.ru//krasnodar/sobaki/pudel_toy_1660883079
Ищу пуделя той суку родословная Обмен на антиквари,Москва,Цена не указана,https://www.avito.ru//moskva/sobaki/ischu_pudelya_toy_suku_rodoslovnaya_obmen_na_antikvari_1938396310
Для вязок шикарный той пудель,Санкт-Петербург,Цена не указана,https://www.avito.ru//sankt-peterburg/sobaki/dlya_vyazok_shikarnyy_toy_pudel_1820319755
Пудель,"Ростовская область, Ростов-на-Дону",Цена не указана,https://www.avito.ru//rostov-na-donu/sobaki/pudel_1932618580
Пудель,"Ставропольский край, Ставрополь",Цена не указана,https://www.avito.ru//stavropol/sobaki/pudel_1928191201
Пудель,"Тульская область, муниципальное образование Новомосковск, д. Малое Колодезное",4 500  ₽,https://www.avito.ru//novomoskovsk/sobaki/pudel_1936604807
Пудель,"Нижегородская область, Нижний Новгород",67 000  ₽,https://www.avito.ru//nizhniy_novgorod/sobaki/pudel_1939429093
Той-пудельки,Москва,55  ₽,https://www.avito.ru//moskva/sobaki/toy-pudelki_1896018774
Арлекин той пудель (тикап) в обеспеченну семью,Москва,Цена не указана,https://www.avito.ru//moskva/sobaki/arlekin_toy_pudel_tikap_v_obespechennu_semyu_1823891146
Пудель той чёрный,Москва,80 000  ₽,https://www.avito.ru//moskva/sobaki/pudel_toy_chernyy_1302830889
Случка мальчик той-пудель,"Астраханская область, Астрахань",2 000  ₽,https://www.avito.ru//astrahan/sobaki/sluchka_malchik_toy-pudel_1529959586
Пудель,"Саратовская область, Саратов",25 000  ₽,https://www.avito.ru//saratov/sobaki/pudel_1927794139
Пудель,"Московская область, Балашиха",Цена не указана,https://www.avito.ru//moskovskaya_oblast_zheleznodorozhnyy/sobaki/pudel_1913766293
Пудель,"Республика Башкортостан, Уфимский р-н, Чесноковский сельсовет, с. Чесноковка",Цена не указана,https://www.avito.ru//ufa/sobaki/pudel_1501787680
Карликовый пудель,"Кемеровская область, Беловский г.о., Белово",30 000  ₽,https://www.avito.ru//belovo/sobaki/karlikovyy_pudel_1927711450
Пудель,"Смоленская область, Вяземский р-н, Вязьма",Цена не указана,https://www.avito.ru//vyazma/sobaki/pudel_1915659726
Пудель,"Хабаровский край, Хабаровск",Бесплатно,https://www.avito.ru//habarovsk/sobaki/pudel_1947125576
Пудель щенки,"Свердловская область, Екатеринбург",30 000  ₽,https://www.avito.ru//ekaterinburg/sobaki/pudel_schenki_1921844286
Пудель,Санкт-Петербург,Цена не указана,https://www.avito.ru//sankt-peterburg/sobaki/pudel_1901582667
Пудель Персик Щенок,"Воронежская область, Воронеж",Цена не указана,https://www.avito.ru//voronezh/sobaki/pudel_persik_schenok_1860479275
Пудель,"Алтайский край, Бийск",Цена не указана,https://www.avito.ru//biysk/sobaki/pudel_1825347461
Пудель,"Республика Башкортостан, Абзелиловский р-н, д. Зелёная Поляна",Цена не указана,https://www.avito.ru//magnitogorsk/sobaki/pudel_1837125982
Собака,"Московская область, г.о. Люберцы, рабочий пос. Малаховка",100  ₽,https://www.avito.ru//malahovka/sobaki/sobaka_1918395103
"Девочка 4,5мес ярко красная мини",Москва,80 000  ₽,https://www.avito.ru//moskva/sobaki/devochka_45mes_yarko_krasnaya_mini_1257818920
Пудели,"Калужская область, Обнинск",Цена не указана,https://www.avito.ru//moskva/sobaki/pudeli_735180650
Пудель,"Новосибирская область, Новосибирск",35 000  ₽,https://www.avito.ru//novosibirsk/sobaki/pudel_1907516862
Карликовый пудель,"Саратовская область, Саратовский р-н, с. Шевырёвка",20  ₽,https://www.avito.ru//saratov/sobaki/karlikovyy_pudel_1927590461
Очаровательные миниатюрные и той-пудели,"Московская область, Домодедово",80 000  ₽,https://www.avito.ru//domodedovo/sobaki/ocharovatelnye_miniatyurnye_i_toy-pudeli_1705333393
Карликовый пудель,"Челябинская область, Магнитогорск",3  ₽,https://www.avito.ru//magnitogorsk/sobaki/karlikovyy_pudel_1302610148
Пудель,"Томская область, Томск",40 000  ₽,https://www.avito.ru//tomsk/sobaki/pudel_1920376242
Собака,"Республика Бурятия, Улан-Удэ, садоводческое некоммерческое товарищество Сибиряк",7 500  ₽,https://www.avito.ru//ulan-ude/sobaki/sobaka_1927299757
Миниатюрный Пудель,Москва,Цена не указана,https://www.avito.ru//moskva/sobaki/miniatyurnyy_pudel_1900671700
Собака,"Краснодарский край, Сочи",Цена не указана,https://www.avito.ru//sochi/sobaki/sobaka_1931971594
Ищу девочку пуделя,"Иркутская область, Иркутск",Цена не указана,https://www.avito.ru//irkutsk/sobaki/ischu_devochku_pudelya_1949212786
Собака,"Красноярский край, Красноярск",1  ₽,https://www.avito.ru//krasnoyarsk/sobaki/sobaka_1945027642
Малыши тойчики,"Самарская область, Тольятти",Цена не указана,https://www.avito.ru//tolyatti/sobaki/malyshi_toychiki_644216509
Собака,"Московская область, г.о. Ступино, пос. Вельяминово",Цена не указана,https://www.avito.ru//ilinskoe/sobaki/sobaka_1926634341
Щеночки метисы Пуделя,"Республика Северная Осетия — Алания, Владикавказ",Цена не указана,https://www.avito.ru//vladikavkaz/sobaki/schenochki_metisy_pudelya_1929391167
Тойчики,Москва,25 000  ₽,https://www.avito.ru//moskva/sobaki/toychiki_1924551648
Собака,Москва,80  ₽,https://www.avito.ru//moskva/sobaki/sobaka_1920756514
Пудель,"Самарская область, Тольятти",Цена не указана,https://www.avito.ru//tolyatti/sobaki/pudel_1941607060
Пудель,Санкт-Петербург,30 000  ₽,https://www.avito.ru//sankt-peterburg/sobaki/pudel_1946671467
Собака,"Республика Карелия, Петрозаводский г.о., Петрозаводск",10 000  ₽,https://www.avito.ru//petrozavodsk/sobaki/sobaka_1902077604
Пудель белый мальчик,Москва,Цена не указана,https://www.avito.ru//moskva/sobaki/pudel_belyy_malchik_1904888140
Карликовый-пудель,"Санкт-Петербург, Курортный р-н, пос. Песочный",1  ₽,https://www.avito.ru//sertolovo/sobaki/karlikovyy-pudel_1826828878
Возьму Пуделя,"Краснодарский край, Кореновский р-н, Кореновск",Цена не указана,https://www.avito.ru//korenovsk/sobaki/vozmu_pudelya_1929810527
Пуляша,Москва,60  ₽,https://www.avito.ru//moskva/sobaki/pulyasha_1947369672
Пудель красные и абрикос девочки и мальчики,Москва,45 000  ₽,https://www.avito.ru//moskva/sobaki/pudel_krasnye_i_abrikos_devochki_i_malchiki_1900539437
Снежка,Москва,Цена не указана,https://www.avito.ru//moskva/sobaki/snezhka_1932764899
"Комнатные собачки(шпиц.болонка,йорк,пудель,той тер","Республика Татарстан, Казань",Цена не указана,https://www.avito.ru//kazan/sobaki/komnatnye_sobachkishpits.bolonkayorkpudeltoy_ter_1357098185
Пудель тойчик,"Республика Татарстан, Бугульминский р-н, Бугульма",25 000  ₽,https://www.avito.ru//bugulma/sobaki/pudel_toychik_1905430712
Настоящие тойчики,Москва,1  ₽,https://www.avito.ru//moskva/sobaki/nastoyaschie_toychiki_994120883
Пудель ищем невесту,"Московская область, Люберцы",1  ₽,https://www.avito.ru//lyubertsy/sobaki/pudel_ischem_nevestu_1316593207
Серебрисный щенок пудель,"Воронежская область, Воронеж",Цена не указана,https://www.avito.ru//voronezh/sobaki/serebrisnyy_schenok_pudel_1860102741
Той пудельки с документами,Севастополь,Цена не указана,https://www.avito.ru//sevastopol/sobaki/toy_pudelki_s_dokumentami_1834463193
"Щенки пуделя, черные и один абрикос","Республика Татарстан, Казань",40 000  ₽,https://www.avito.ru//kazan/sobaki/schenki_pudelya_chernye_i_odin_abrikos_1900216773
Щенки русский терьер,"Омская область, Омск",1 000  ₽,https://www.avito.ru//omsk/sobaki/schenki_russkiy_terer_1907725448
Собаки пудель,"Тюменская область, Нижневартовск",1  ₽,https://www.avito.ru//nizhnevartovsk/sobaki/sobaki_pudel_1943609943
Девочка пуделя,Москва,70 000  ₽,https://www.avito.ru//moskva/sobaki/devochka_pudelya_1936646779
Ищу невесту пуделя,"Пермский край, Пермь",Цена не указана,https://www.avito.ru//perm/sobaki/ischu_nevestu_pudelya_1918916480
Приглашаем дам,"Нижегородская область, Нижний Новгород",555  ₽,https://www.avito.ru//nizhniy_novgorod/sobaki/priglashaem_dam_1116229103
Очаровательная малышка,Москва,25 000  ₽,https://www.avito.ru//moskva/sobaki/ocharovatelnaya_malyshka_1816233806
Малыши,"Ростовская область, Ростов-на-Дону",Цена не указана,https://www.avito.ru//rostov-na-donu/sobaki/malyshi_1229310720
Кавудель/кавапу,Москва,Цена не указана,https://www.avito.ru//moskva/sobaki/kavudelkavapu_1933265139
Мальчики идевочки,Москва,1  ₽,https://www.avito.ru//moskva/sobaki/malchiki_idevochki_1252991474
Услуги кавалера,"Краснодарский край, Краснодар",500  ₽,https://www.avito.ru//krasnodar/sobaki/uslugi_kavalera_1103286773
Пропала собака,"Красноярский край, Норильск",Бесплатно,https://www.avito.ru//norilsk/sobaki/propala_sobaka_1833015878
Продам щенков,"Республика Хакасия, Абакан",10 000  ₽,https://www.avito.ru//abakan/sobaki/prodam_schenkov_1948744160
Карликовые пудели,Санкт-Петербург,Цена не указана,https://www.avito.ru//sankt-peterburg/sobaki/karlikovye_pudeli_1039035356
Собака карликовый пинчер,"Иркутская область, Тулун",5 500  ₽,https://www.avito.ru//tulun/sobaki/sobaka_karlikovyy_pincher_1935047203
Фантом,"Смоленская область, Смоленск",Цена не указана,https://www.avito.ru//smolensk/sobaki/fantom_1672303801
Женихи,"Липецкая область, Липецк",3 000  ₽,https://www.avito.ru//lipetsk/sobaki/zhenihi_1715398763
Парень арлекин,"Челябинская область, Челябинск",35 000  ₽,https://www.avito.ru//chelyabinsk/sobaki/paren_arlekin_1831600505
Собака,"Кемеровская область, Мысковский г.о., Мыски",1  ₽,https://www.avito.ru//myski/sobaki/sobaka_1894253802
Серебристая девочка пудель,Москва,60 000  ₽,https://www.avito.ru//moskva/sobaki/serebristaya_devochka_pudel_1772847957
Окрас серебро,"Смоленская область, Смоленск",Цена не указана,https://www.avito.ru//smolensk/sobaki/okras_serebro_1673672121
Ищу жениха,"Краснодарский край, Курганинский р-н, Курганинск",100  ₽,https://www.avito.ru//kurganinsk/sobaki/ischu_zheniha_1429876051
Ищу невесту,"Ростовская область, Аксайский р-н, СТ Глобус",Цена не указана,https://www.avito.ru//rostov-na-donu/sobaki/ischu_nevestu_1769316459
Красная девочка 20.01.2020,Москва,65 000  ₽,https://www.avito.ru//moskva/sobaki/krasnaya_devochka_20.01.2020_1693271495
Мальтипу девочка мини,Москва,185 000  ₽,https://www.avito.ru//moskva/sobaki/maltipu_devochka_mini_1925879924
Крошка-арлекинка,Москва,80 000  ₽,https://www.avito.ru//moskva/sobaki/kroshka-arlekinka_1942473888
Мальчик мальтипу 5.5мес,"Тверская область, Тверь",25 000  ₽,https://www.avito.ru//tver/sobaki/malchik_maltipu_5.5mes_1894468750
Ищем невесту.Ждем в гости,"Воронежская область, Воронеж",1  ₽,https://www.avito.ru//voronezh/sobaki/ischem_nevestu.zhdem_v_gosti_1947777627
Очень маленькие девочки и мальчики,"Смоленская область, Смоленск",Цена не указана,https://www.avito.ru//smolensk/sobaki/ochen_malenkie_devochki_i_malchiki_1197461695
Отдам собачку,"Краснодарский край, Кавказский р-н, Кропоткинское городское поселение, Кропоткин",1  ₽,https://www.avito.ru//kropotkin/sobaki/otdam_sobachku_1917772766
Подрощенные пудели с РКФ и без,Москва,20 000  ₽,https://www.avito.ru//moskva/sobaki/podroschennye_pudeli_s_rkf_i_bez_1908569663
Миниатюрный красный пудель для вязок,Москва,Цена не указана,https://www.avito.ru//moskva/sobaki/miniatyurnyy_krasnyy_pudel_dlya_vyazok_1086483384
Ищем жениха,"Челябинская область, Челябинск",Цена не указана,https://www.avito.ru//chelyabinsk/sobaki/ischem_zheniha_1121050510
Миниатюрная черно-подпалая девочка (фантом),Санкт-Петербург,60 000  ₽,https://www.avito.ru//sankt-peterburg/sobaki/miniatyurnaya_cherno-podpalaya_devochka_fantom_1935460941
Собака,"Свердловская область, г.о. Верхний Тагил",1  ₽,https://www.avito.ru//verhniy_tagil/sobaki/sobaka_1905744963
Мальтипу,Москва,130 000  ₽,https://www.avito.ru//moskva/sobaki/maltipu_1919223216
Кобель для вязок,"Хабаровский край, Комсомольск-на-Амуре",Цена не указана,https://www.avito.ru//komsomolsk-na-amure/sobaki/kobel_dlya_vyazok_1858375454
Кобели красного окраса,"Калужская область, Калуга",Цена не указана,https://www.avito.ru//kaluga/sobaki/kobeli_krasnogo_okrasa_927224703
Собака,Москва,1 000  ₽,https://www.avito.ru//moskva/sobaki/sobaka_1946395416
Предлагаем кобеля для вязок,"Кировская область, Киров",Бесплатно,https://www.avito.ru//kirovskaya_oblast_kirov/sobaki/predlagaem_kobelya_dlya_vyazok_1186089899
"Парень, чемпион России,чемпион РКФ","Челябинская область, Челябинск",3 000  ₽,https://www.avito.ru//chelyabinsk/sobaki/paren_chempion_rossiichempion_rkf_881828434
Мальчик для вязок,"Пермский край, Пермь",Цена не указана,https://www.avito.ru//perm/sobaki/malchik_dlya_vyazok_1875327387
Дизайнерская собачка,Санкт-Петербург,100 000  ₽,https://www.avito.ru//sankt-peterburg/sobaki/dizaynerskaya_sobachka_1942881438
Подростки пуделя,Москва,20 000  ₽,https://www.avito.ru//moskva/sobaki/podrostki_pudelya_1908002248
Мальтипу девочка,Москва,150 000  ₽,https://www.avito.ru//moskva/sobaki/maltipu_devochka_1925508330
Щенки,"Пермский край, Пермь",Цена не указана,https://www.avito.ru//perm/sobaki/schenki_1907715595
Тикапы подростки,"Свердловская область, Екатеринбург",60 000  ₽,https://www.avito.ru//ekaterinburg/sobaki/tikapy_podrostki_1946394721
Мальтипу мальчик абрикосик,Москва,150 000  ₽,https://www.avito.ru//moskva/sobaki/maltipu_malchik_abrikosik_1925159982
Мальтипу мальчик стандарт крем,Москва,130 000  ₽,https://www.avito.ru//moskva/sobaki/maltipu_malchik_standart_krem_1925929783
Щенки,"Кабардино-Балкарская Республика, г.о. Прохладный",1 500  ₽,https://www.avito.ru//prohladnyy/sobaki/schenki_1929567601
Отдам небольшую собачку,"Кемеровская область, Кемеровский муниципальный округ, д. Сухово",Цена не указана,https://www.avito.ru//kemerovo/sobaki/otdam_nebolshuyu_sobachku_1931782276
Мальтипу мальчики,Москва,130 000  ₽,https://www.avito.ru//moskva/sobaki/maltipu_malchiki_1947788393
"Мальтипу, питомник",Москва,Цена не указана,https://www.avito.ru//moskva/sobaki/maltipu_pitomnik_941205061
Подарок для любимых,"Свердловская область, Екатеринбург",30 000  ₽,https://www.avito.ru//ekaterinburg/sobaki/podarok_dlya_lyubimyh_1882497424
Щенок,"Кабардино-Балкарская Республика, г.о. Прохладный",500  ₽,https://www.avito.ru//prohladnyy/sobaki/schenok_1929816128
Мальтипу,Санкт-Петербург,100 000  ₽,https://www.avito.ru//sankt-peterburg/sobaki/maltipu_1942800814
Маленькая собачка из приюта для квартиры,Москва,1  ₽,https://www.avito.ru//moskva/sobaki/malenkaya_sobachka_iz_priyuta_dlya_kvartiry_1908516460
Продам маленькую собачку,"Московская область, Егорьевск",5 000  ₽,https://www.avito.ru//egorevsk/sobaki/prodam_malenkuyu_sobachku_1944237867
